Indice;Film;Oscar Year;Film Studio/Producer(s);Award;Year of Release;Movie Time;Movie Genre;Tomatometer Status;Tomatometer Rating;Tomatometer Count;Audience Status;Audience Rating;Audience Count
0;Wings;1927/28;Famous Players-Lasky;Winner;1927;144;Drama,Romance,War;Certified-Fresh;93.0;46.0;Upright;78.0;3530.0
1;7th Heaven;1927/28;Fox;Nominee;1927;110;Drama,Romance;;;;;;
2;The Racket;1927/28;The Caddo Company;Nominee;1928;84;Crime,Drama,Film-Noir;;;;;;
3;The Broadway Melody;1928/29;Metro-Goldwyn-Mayer;Winner;1929;100;Drama,Musical,Romance;Rotten;33.0;24.0;Spilled;21.0;1813.0
4;Alibi;1928/29;Feature Productions;Nominee;1929;91;Action,Crime,Romance;;;;;;
5;Hollywood Revue;1928/29;Metro-Goldwyn-Mayer;Nominee;1929;130;Comedy,Music;;;;;;
6;In Old Arizona;1928/29;Fox;Nominee;1928;95;Western;Rotten;56.0;9.0;Spilled;38.0;356.0
7;The Patriot;1928/29;Paramount Famous Lasky;Nominee;1928;113;Drama,History,Thriller;;;;;;
8;All Quiet on the Western Front;1929/30;Universal;Winner;1930;152;Drama,War;;;;;;
9;The Big House;1929/30;Cosmopolitan;Nominee;1930;87;Crime,Drama,Thriller;Fresh;75.0;8.0;Upright;69.0;323.0
10;Disraeli;1929/30;Warner Bros.;Nominee;1929;90;Biography,Drama,History;;;;;;
11;The Divorcee;1929/30;Metro-Goldwyn-Mayer;Nominee;1930;84;Romance,Drama;;;;;;
12;The Love Parade;1929/30;Paramount Famous Lasky;Nominee;1929;107;Comedy,Musical,Romance;;;;;;
13;Cimarron;1930/31;RKO Radio;Winner;1931;123;Drama,Western;Rotten;50.0;24.0;Spilled;25.0;1514.0
14;East Lynne;1930/31;Fox;Nominee;1931;102;Drama,Romance;;;;;;
15;The Front Page;1930/31;The Caddo Company;Nominee;1931;101;Comedy,Crime,Drama;;;;;;
16;Skippy;1930/31;Paramount Publix;Nominee;1931;85;Comedy,Drama,Family;;;;;;
17;Trader Horn;1930/31;Metro-Goldwyn-Mayer;Nominee;1931;122;Action,Adventure,Drama;;;;;;
18;Grand Hotel;1931/32;Metro-Goldwyn-Mayer;Winner;1932;112;Drama,Romance;Certified-Fresh;86.0;42.0;Upright;77.0;7014.0
19;Arrowsmith;1931/32;Samuel Goldwyn Productions;Nominee;1931;108;Drama;;;;;;
20;Bad Girl;1931/32;Fox;Nominee;1931;90;Drama,Romance;;;;;;
21;The Champ;1931/32;Metro-Goldwyn-Mayer;Nominee;1931;86;Drama,Sport;Fresh;90.0;10.0;Upright;74.0;617.0
22;Five Star Final;1931/32;First National;Nominee;1931;89;Crime,Drama;;;;;;
23;One Hour with You;1931/32;Paramount Publix;Nominee;1932;78;Comedy,Musical,Romance;;;;;;
24;Shanghai Express;1931/32;Paramount Publix;Nominee;1932;82;Adventure,Drama,Romance;;;;;;
25;The Smiling Lieutenant;1931/32;Paramount Publix;Nominee;1931;93;Comedy,Romance,Musical;;;;;;
26;Cavalcade;1932/33;Fox;Winner;1933;112;Drama,Romance,War;Rotten;59.0;29.0;Spilled;26.0;1027.0
27;42nd Street;1932/33;Warner Bros.;Nominee;1933;89;Comedy,Drama,Musical;Fresh;96.0;25.0;Upright;74.0;7561.0
28;A Farewell to Arms;1932/33;Paramount;Nominee;1932;80;Drama,Romance,War;Fresh;93.0;14.0;Spilled;53.0;5697.0
29;I Am a Fugitive from a Chain Gang;1932/33;Warner Bros.;Nominee;1932;92;Crime,Drama,Film-Noir;;;;;;
30;Lady for a Day;1932/33;Columbia;Nominee;1933;96;Comedy,Drama;;;;;;
31;Little Women;1932/33;RKO Radio;Nominee;1933;115;Drama,Family,Romance;Fresh;94.0;16.0;Upright;78.0;9776.0
32;The Private Life of Henry VIII;1932/33;London Films;Nominee;1933;97;Biography,Comedy,Drama;Fresh;100.0;16.0;Upright;74.0;1295.0
33;She Done Him Wrong;1932/33;Paramount;Nominee;1933;66;Comedy,Drama,History;Fresh;91.0;22.0;Spilled;53.0;2240.0
34;Smilin' Through;1932/33;Metro-Goldwyn-Mayer;Nominee;1932;98;Drama,Romance;;;;;;
35;State Fair;1932/33;Fox;Nominee;1933;99;Comedy,Drama,Romance;;;;;;
36;It Happened One Night;1934;Columbia;Winner;1934;105;Comedy,Romance;Certified-Fresh;98.0;60.0;Upright;93.0;33678.0
37;The Barretts of Wimpole Street;1934;Metro-Goldwyn-Mayer;Nominee;1934;109;Biography,Drama,Romance;Fresh;78.0;9.0;Upright;69.0;335.0
38;Cleopatra;1934;Paramount;Nominee;1934;100;Biography,Drama,History;;;;;;
39;Flirtation Walk;1934;First National;Nominee;1934;97;Musical,Romance;;;;;;
40;The Gay Divorcee;1934;RKO Radio;Nominee;1934;107;Comedy,Musical,Romance;Fresh;93.0;14.0;Upright;82.0;3378.0
41;Here Comes the Navy;1934;Warner Bros.;Nominee;1934;87;Comedy,Drama,Romance;;;;;;
42;The House of Rothschild;1934;20th Century;Nominee;1934;88;Biography,Drama,History;;;;;;
43;Imitation of Life;1934;Universal;Nominee;1934;111;Drama,Romance;Fresh;92.0;24.0;Upright;85.0;4562.0
44;One Night of Love;1934;Columbia;Nominee;1934;84;Music,Romance;;;;;;
45;The Thin Man;1934;Metro-Goldwyn-Mayer;Nominee;1934;91;Comedy,Crime,Mystery;Fresh;97.0;39.0;Upright;93.0;12999.0
46;Viva Villa!;1934;Metro-Goldwyn-Mayer;Nominee;1934;115;Action,Biography,Romance;;;;;;
47;The White Parade;1934;Jesse L. Lasky (production company);Nominee;1934;80;Drama;;;;;;
48;Mutiny on the Bounty;1935;Metro-Goldwyn-Mayer;Winner;1935;132;Adventure,Biography,Drama;Certified-Fresh;93.0;41.0;Upright;83.0;8061.0
49;Alice Adams;1935;RKO Radio;Nominee;1935;99;Comedy,Drama,Romance;Fresh;94.0;17.0;Upright;71.0;2419.0
50;Broadway Melody of 1936;1935;Metro-Goldwyn-Mayer;Nominee;1935;101;Musical,Romance;;;;;;
51;Captain Blood;1935;Cosmopolitan;Nominee;1935;119;Action,Adventure,History;Fresh;100.0;27.0;Upright;89.0;8194.0
52;David Copperfield;1935;Metro-Goldwyn-Mayer;Nominee;1935;130;Adventure,Drama,Romance;;;;;;
53;The Informer;1935;RKO Radio;Nominee;1935;91;Crime,Drama;Fresh;94.0;16.0;Upright;77.0;1081.0
54;The Lives of a Bengal Lancer;1935;Paramount;Nominee;1935;109;Adventure,Drama,War;;;;;;
55;A Midsummer Night's Dream;1935;Warner Bros.;Nominee;1935;133;Comedy,Fantasy,Romance;Fresh;91.0;11.0;Upright;62.0;1229.0
56;Les MisÃ©rables;1935;20th Century;Nominee;1935;108;Drama,History,Romance;;;;;;
57;Naughty Marietta;1935;Metro-Goldwyn-Mayer;Nominee;1935;105;Drama,Musical,Romance;;;;;;
58;Ruggles of Red Gap;1935;Paramount;Nominee;1935;90;Comedy,Romance,Western;;;;;;
59;Top Hat;1935;RKO Radio;Nominee;1935;101;Comedy,Musical,Romance;Certified-Fresh;100.0;42.0;Upright;91.0;9847.0
60;The Great Ziegfeld;1936;Metro-Goldwyn-Mayer;Winner;1936;176;Biography,Drama,Musical;Fresh;62.0;34.0;Spilled;50.0;2778.0
61;Anthony Adverse;1936;Warner Bros.;Nominee;1936;141;Adventure,Drama,Romance;;;;;;
62;Dodsworth;1936;Samuel Goldwyn Productions;Nominee;1936;101;Drama,Romance;Fresh;90.0;20.0;Upright;86.0;1466.0
63;Libeled Lady;1936;Metro-Goldwyn-Mayer;Nominee;1936;98;Comedy,Romance;Fresh;86.0;14.0;Upright;88.0;2696.0
64;Mr. Deeds Goes to Town;1936;Columbia;Nominee;1936;115;Comedy,Drama,Romance;Fresh;90.0;21.0;Upright;86.0;9236.0
65;Romeo and Juliet;1936;Metro-Goldwyn-Mayer;Nominee;1936;125;Drama,Romance;Fresh;78.0;9.0;Spilled;50.0;6.0
66;San Francisco;1936;Metro-Goldwyn-Mayer;Nominee;1936;115;Drama,Musical,Romance;Fresh;100.0;11.0;Upright;70.0;1337.0
67;The Story of Louis Pasteur;1936;Cosmopolitan;Nominee;1936;86;Biography,Drama,History;;;;;;
68;A Tale of Two Cities;1936;Metro-Goldwyn-Mayer;Nominee;1935;128;Drama,History,Romance;Fresh;92.0;13.0;Upright;84.0;2145.0
69;Three Smart Girls;1936;Universal;Nominee;1936;84;Comedy,Musical,Romance;Fresh;86.0;7.0;Spilled;50.0;474.0
70;The Life of Emile Zola;1937;Warner Bros.;Winner;1937;116;Biography,Drama;Fresh;82.0;33.0;Upright;73.0;2348.0
71;The Awful Truth;1937;Columbia;Nominee;1937;90;Comedy,Romance;Fresh;93.0;29.0;Upright;87.0;7597.0
72;Captains Courageous;1937;Metro-Goldwyn-Mayer;Nominee;1937;117;Adventure,Drama,Family;Fresh;94.0;18.0;Upright;89.0;3811.0
73;Dead End;1937;Samuel Goldwyn Productions;Nominee;1937;93;Crime,Drama,Film-Noir;Fresh;91.0;11.0;Upright;76.0;2021.0
74;The Good Earth;1937;Metro-Goldwyn-Mayer;Nominee;1937;138;Drama,Romance;Fresh;95.0;19.0;Upright;76.0;1100.0
75;In Old Chicago;1937;20th Century-Fox;Nominee;1938;95;Action,Drama,Musical;;;;;;
76;Lost Horizon;1937;Columbia;Nominee;1937;132;Adventure,Drama,Fantasy;Fresh;93.0;14.0;Upright;83.0;5550.0
77;One Hundred Men and a Girl;1937;Universal;Nominee;1937;84;Comedy,Drama,Music;;;;;;
78;Stage Door;1937;RKO Radio;Nominee;1937;92;Comedy,Drama;Fresh;96.0;23.0;Upright;87.0;4809.0
79;A Star Is Born;1937;Selznick International Pictures;Nominee;1937;111;Drama,Romance;Fresh;100.0;20.0;Upright;78.0;2686.0
80;You Can't Take It with You;1938;Columbia;Winner;1938;126;Comedy,Drama,Romance;;;;;;
81;The Adventures of Robin Hood;1938;Warner Bros.-First National;Nominee;1938;102;Action,Adventure,Romance;Certified-Fresh;100.0;48.0;Upright;89.0;33946.0
82;Alexander's Ragtime Band;1938;20th Century-Fox;Nominee;1938;106;Drama,Music,Musical;Fresh;80.0;5.0;Spilled;46.0;1421.0
83;Boys Town;1938;Metro-Goldwyn-Mayer;Nominee;1938;96;Biography,Drama;Fresh;90.0;20.0;Upright;81.0;4219.0
84;The Citadel;1938;Metro-Goldwyn-Mayer;Nominee;1938;110;Drama;Fresh;89.0;9.0;Upright;72.0;411.0
85;Four Daughters;1938;Warner Bros.-First National;Nominee;1938;90;Drama,Music,Romance;;;;;;
86;Grand Illusion;1938;Realization D'Art Cinematographique;Nominee;1937;113;Drama,War;;;;;;
87;Jezebel;1938;Warner Bros.;Nominee;1938;104;Drama,Romance;;;;;;
88;Pygmalion;1938;Metro-Goldwyn-Mayer;Nominee;1938;89;Comedy,Drama,Romance;;;;;;
89;Test Pilot;1938;Metro-Goldwyn-Mayer;Nominee;1938;119;Drama,Romance;;;;;;
90;Gone with the Wind;1939;Selznick International Pictures;Winner;1939;238;Drama,History,Romance;;;;;;
91;Dark Victory;1939;Warner Bros.-First National;Nominee;1939;104;Drama,Romance;Fresh;88.0;24.0;Upright;81.0;5226.0
92;Goodbye, Mr. Chips;1939;Metro-Goldwyn-Mayer;Nominee;1939;114;Drama,Romance;Fresh;82.0;17.0;Upright;87.0;5661.0
93;Love Affair;1939;RKO Radio;Nominee;1939;88;Comedy,Drama,Romance;Fresh;86.0;7.0;Upright;71.0;1666.0
94;Mr. Smith Goes to Washington;1939;Columbia;Nominee;1939;129;Comedy,Drama;Certified-Fresh;96.0;45.0;Upright;94.0;45845.0
95;Ninotchka;1939;Metro-Goldwyn-Mayer;Nominee;1939;110;Comedy,Romance;Fresh;97.0;35.0;Upright;89.0;6822.0
96;Of Mice and Men;1939;Hal Roach (production company);Nominee;1939;106;Adventure,Drama;Fresh;100.0;14.0;Upright;85.0;7138.0
97;Stagecoach;1939;Walter Wanger (production company);Nominee;1939;96;Adventure,Drama,Western;Certified-Fresh;100.0;45.0;Upright;86.0;14614.0
98;The Wizard of Oz;1939;Metro-Goldwyn-Mayer;Nominee;1939;102;Adventure,Family,Fantasy;Certified-Fresh;98.0;120.0;Upright;89.0;876327.0
99;Wuthering Heights;1939;Samuel Goldwyn Productions;Nominee;1939;104;Drama,Romance;Fresh;96.0;23.0;Upright;85.0;8786.0
100;Rebecca;1940;Selznick International Pictures;Winner;1940;130;Drama,Mystery,Romance;;;;;;
101;All This, and Heaven Too;1940;Warner Bros.;Nominee;1940;141;Drama,Romance;Fresh;83.0;6.0;Upright;85.0;1048.0
102;Foreign Correspondent;1940;Walter Wanger (production company);Nominee;1940;120;Action,Romance,Thriller;Fresh;95.0;39.0;Upright;81.0;6906.0
103;The Grapes of Wrath;1940;20th Century-Fox;Nominee;1940;129;Drama,History;Certified-Fresh;100.0;48.0;Upright;88.0;24311.0
104;The Great Dictator;1940;Charles Chaplin Productions;Nominee;1940;125;Comedy,Drama,War;Certified-Fresh;93.0;43.0;Upright;95.0;43702.0
105;Kitty Foyle;1940;RKO Radio;Nominee;1940;108;Drama,Romance;Fresh;80.0;10.0;Upright;72.0;937.0
106;The Letter;1940;Warner Bros.;Nominee;1940;95;Crime,Drama,Film-Noir;Fresh;100.0;13.0;Upright;82.0;3725.0
107;The Long Voyage Home;1940;Argosy-Wanger;Nominee;1940;105;Drama,War;;;;;;
108;Our Town;1940;Sol Lesser (production company);Nominee;1940;90;Drama,Romance;Fresh;86.0;7.0;Spilled;46.0;1291.0
109;The Philadelphia Story;1940;Metro-Goldwyn-Mayer;Nominee;1940;112;Comedy,Romance;Certified-Fresh;100.0;62.0;Upright;93.0;47191.0
110;How Green Was My Valley;1941;20th Century-Fox;Winner;1941;118;Drama,Family;Certified-Fresh;89.0;47.0;Upright;81.0;7950.0
111;Blossoms in the Dust;1941;Metro-Goldwyn-Mayer;Nominee;1941;99;Biography,Drama,Romance;Rotten;33.0;9.0;Upright;72.0;379.0
112;Citizen Kane;1941;Mercury;Nominee;1941;119;Drama,Mystery;Certified-Fresh;100.0;93.0;Upright;90.0;159199.0
113;Here Comes Mr. Jordan;1941;Columbia;Nominee;1941;94;Comedy,Fantasy,Romance;Fresh;100.0;20.0;Upright;83.0;1120.0
114;Hold Back the Dawn;1941;Paramount;Nominee;1941;116;Drama,Romance;;;;;;
115;The Little Foxes;1941;Samuel Goldwyn Productions;Nominee;1941;116;Drama,Romance;Fresh;100.0;15.0;Upright;88.0;3522.0
116;The Maltese Falcon;1941;Warner Bros.;Nominee;1941;100;Crime,Film-Noir,Mystery;Certified-Fresh;100.0;56.0;Upright;91.0;57852.0
117;One Foot in Heaven;1941;Warner Bros.;Nominee;1941;108;Biography,Drama;;;;;;
118;Sergeant York;1941;Warner Bros.;Nominee;1941;134;Biography,Drama,History;Fresh;86.0;22.0;Upright;87.0;5674.0
119;Suspicion;1941;RKO Radio;Nominee;1941;99;Film-Noir,Mystery,Thriller;Fresh;97.0;33.0;Upright;78.0;14737.0
120;Mrs. Miniver;1942;Metro-Goldwyn-Mayer;Winner;1942;134;Drama,Romance,War;Fresh;93.0;30.0;Upright;85.0;6063.0
121;49th Parallel;1942;Ortus;Nominee;1941;123;Drama,Thriller,War;;;;;;
122;Kings Row;1942;Warner Bros.;Nominee;1942;127;Drama,Mystery,Romance;Fresh;100.0;16.0;Upright;76.0;1081.0
123;The Magnificent Ambersons;1942;Mercury;Nominee;1942;88;Drama,Romance;Certified-Fresh;89.0;44.0;Upright;85.0;6468.0
124;The Pied Piper;1942;20th Century-Fox;Nominee;1942;87;Drama,War;;;;;;
125;The Pride of the Yankees;1942;Samuel Goldwyn Productions;Nominee;1942;128;Biography,Drama,Romance;Fresh;93.0;29.0;Upright;89.0;6839.0
126;Random Harvest;1942;Metro-Goldwyn-Mayer;Nominee;1942;126;Adventure,Drama,Family;Fresh;90.0;10.0;Upright;88.0;2805.0
127;The Talk of the Town;1942;Columbia;Nominee;1942;118;Comedy,Drama,Romance;;;;;;
128;Wake Island;1942;Paramount;Nominee;1942;88;Action,Drama,War;;;;;;
129;Yankee Doodle Dandy;1942;Warner Bros.;Nominee;1942;126;Biography,Drama,Music;Fresh;90.0;29.0;Upright;83.0;8136.0
130;Casablanca;1943;Warner Bros.;Winner;1942;102;Drama,Romance,War;Certified-Fresh;99.0;92.0;Upright;95.0;357518.0
131;For Whom the Bell Tolls;1943;Paramount;Nominee;1943;170;Adventure,Drama,History;Fresh;71.0;14.0;Upright;69.0;40.0
132;Heaven Can Wait;1943;20th Century-Fox;Nominee;1943;112;Comedy,Drama,Fantasy;Fresh;85.0;13.0;Upright;75.0;4380.0
133;The Human Comedy;1943;Metro-Goldwyn-Mayer;Nominee;1943;117;Comedy,Drama,Family;Fresh;80.0;5.0;Upright;68.0;360.0
134;In Which We Serve;1943;Two Cities Films;Nominee;1942;115;Drama,War;Fresh;89.0;18.0;Upright;76.0;861.0
135;Madame Curie;1943;Metro-Goldwyn-Mayer;Nominee;1943;124;Biography,Drama,Romance;Fresh;86.0;7.0;Upright;67.0;495.0
136;The More the Merrier;1943;Columbia;Nominee;1943;104;Comedy,Romance,War;Fresh;94.0;18.0;Upright;82.0;1310.0
137;The Ox-Bow Incident;1943;20th Century-Fox;Nominee;1942;75;Adventure,Drama,Western;;;;;;
138;The Song of Bernadette;1943;20th Century-Fox;Nominee;1943;156;Biography,Drama;Fresh;87.0;15.0;Upright;80.0;3262.0
139;Watch on the Rhine;1943;Warner Bros.;Nominee;1943;114;Drama,Thriller;Fresh;80.0;5.0;Upright;63.0;600.0
140;Going My Way;1944;Paramount;Winner;1944;126;Comedy,Drama,Music;Fresh;81.0;31.0;Upright;75.0;5784.0
141;Double Indemnity;1944;Paramount;Nominee;1944;107;Crime,Drama,Film-Noir;Certified-Fresh;97.0;64.0;Upright;95.0;35764.0
142;Gaslight;1944;Metro-Goldwyn-Mayer;Nominee;1944;114;Crime,Drama,Mystery;Fresh;87.0;31.0;Upright;90.0;8527.0
143;Since You Went Away;1944;Selznick International Pictures;Nominee;1944;177;Drama,Romance,War;;;;;;
144;Wilson;1944;20th Century-Fox;Nominee;1944;154;Biography,Drama,History;;;;;;
145;The Lost Weekend;1945;Paramount;Winner;1945;101;Drama,Film-Noir;Fresh;97.0;39.0;Upright;90.0;8866.0
146;Anchors Aweigh;1945;Metro-Goldwyn-Mayer;Nominee;1945;140;Comedy,Fantasy,Music;Fresh;62.0;13.0;Upright;79.0;8284.0
147;The Bells of St. Mary's;1945;Rainbow Productions;Nominee;1945;126;Drama;;;;;;
148;Mildred Pierce;1945;Warner Bros.;Nominee;1945;111;Crime,Drama,Film-Noir;Certified-Fresh;86.0;44.0;Upright;90.0;8234.0
149;Spellbound;1945;Selznick International Pictures;Nominee;1945;111;Film-Noir,Mystery,Romance;;;;;;
150;The Best Years of Our Lives;1946;Samuel Goldwyn Productions;Winner;1946;170;Drama,Romance,War;Certified-Fresh;97.0;60.0;Upright;93.0;10819.0
151;Henry V;1946;Two Cities Films;Nominee;1944;137;Biography,Drama,History;;;;;;
152;It's a Wonderful Life;1946;Liberty Films;Nominee;1946;130;Drama,Family,Fantasy;Certified-Fresh;94.0;82.0;Upright;95.0;218883.0
153;The Razor's Edge;1946;20th Century-Fox;Nominee;1946;145;Drama,Romance;Fresh;71.0;7.0;Upright;72.0;1905.0
154;The Yearling;1946;Metro-Goldwyn-Mayer;Nominee;1946;128;Drama,Family,Western;Fresh;100.0;14.0;Upright;76.0;3770.0
155;Gentleman's Agreement;1947;20th Century-Fox;Winner;1947;118;Drama,Romance;Certified-Fresh;76.0;45.0;Upright;78.0;5627.0
156;The Bishop's Wife;1947;Samuel Goldwyn Productions;Nominee;1947;109;Comedy,Drama,Fantasy;;;;;;
157;Crossfire;1947;RKO Radio;Nominee;1947;86;Crime,Drama,Film-Noir;Fresh;82.0;17.0;Upright;74.0;1885.0
158;Great Expectations;1947;J. Arthur Rank-Cineguild;Nominee;1946;118;Adventure,Drama,Mystery;;;;;;
159;Miracle on 34th Street;1947;20th Century-Fox;Nominee;1947;96;Comedy,Drama,Family;Certified-Fresh;96.0;47.0;Upright;87.0;47572.0
160;Hamlet;1948;J. Arthur Rank-Two Cities Films;Winner;1948;154;Drama;Certified-Fresh;95.0;40.0;Upright;80.0;7542.0
161;Johnny Belinda;1948;Warner Bros.;Nominee;1948;102;Drama;Fresh;89.0;9.0;Upright;88.0;1429.0
162;The Red Shoes;1948;J. Arthur Rank-Archers;Nominee;1948;135;Drama,Music,Romance;Certified-Fresh;97.0;59.0;Upright;92.0;11766.0
163;The Snake Pit;1948;20th Century-Fox;Nominee;1948;108;Drama,Mystery;Fresh;100.0;8.0;Upright;83.0;2656.0
164;The Treasure of the Sierra Madre;1948;Warner Bros.;Nominee;1948;126;Adventure,Drama,Western;Certified-Fresh;100.0;49.0;Upright;93.0;26122.0
165;All the King's Men;1949;Columbia;Winner;1949;110;Drama,Film-Noir;Certified-Fresh;95.0;42.0;Upright;78.0;4866.0
166;Battleground;1949;Metro-Goldwyn-Mayer;Nominee;1949;118;Action,Drama,History;Fresh;75.0;8.0;Upright;82.0;2737.0
167;The Heiress;1949;Paramount;Nominee;1949;115;Drama,Romance;;;;;;
168;A Letter to Three Wives;1949;20th Century-Fox;Nominee;1949;103;Drama,Romance;Fresh;94.0;18.0;Upright;86.0;3781.0
169;Twelve O'Clock High;1949;20th Century-Fox;Nominee;1949;132;Drama,War;Fresh;96.0;25.0;Upright;87.0;6019.0
170;All About Eve;1950;20th Century-Fox;Winner;1950;138;Drama;Certified-Fresh;99.0;77.0;Upright;94.0;45248.0
171;Born Yesterday;1950;Columbia;Nominee;1950;103;Comedy,Drama,Romance;Fresh;97.0;34.0;Upright;86.0;4780.0
172;Father of the Bride;1950;Metro-Goldwyn-Mayer;Nominee;1950;92;Comedy,Romance;Fresh;90.0;31.0;Upright;74.0;13901.0
173;King Solomon's Mines;1950;Metro-Goldwyn-Mayer;Nominee;1950;103;Action,Adventure,Romance;Fresh;92.0;12.0;Spilled;59.0;3242.0
174;Sunset Boulevard;1950;Paramount;Nominee;1950;110;Drama,Film-Noir;Certified-Fresh;99.0;69.0;Upright;95.0;53464.0
175;An American in Paris;1951;Arthur Freed;Winner;1951;114;Drama,Musical,Romance;Certified-Fresh;96.0;68.0;Upright;79.0;26460.0
176;Decision Before Dawn;1951;Anatole Litvak and Frank McCarthy;Nominee;1951;119;Drama,War;Fresh;100.0;6.0;Upright;71.0;341.0
177;A Place in the Sun;1951;George Stevens;Nominee;1951;122;Drama,Romance;Fresh;77.0;31.0;Upright;84.0;8530.0
178;Quo Vadis;1951;Sam Zimbalist;Nominee;1951;171;Biography,Drama,History;;;;;;
179;A Streetcar Named Desire;1951;Charles K. Feldman;Nominee;1951;122;Drama;Certified-Fresh;98.0;60.0;Upright;90.0;55148.0
180;The Greatest Show on Earth;1952;Cecil B. DeMille;Winner;1952;152;Drama,Family,Romance;Rotten;42.0;31.0;Spilled;54.0;6192.0
181;High Noon;1952;Stanley Kramer;Nominee;1952;85;Drama,Thriller,Western;Certified-Fresh;97.0;58.0;Upright;89.0;25442.0
182;Ivanhoe;1952;Pandro S. Berman;Nominee;1952;106;Adventure,Drama,History;Fresh;81.0;16.0;Upright;64.0;5038.0
183;Moulin Rouge;1952;John Huston, John Woolf and James Woolf;Nominee;1952;119;Biography,Drama,Music;Fresh;78.0;9.0;Upright;90.0;68249.0
184;The Quiet Man;1952;John Ford and Merian C. Cooper;Nominee;1952;129;Comedy,Drama,Romance;Certified-Fresh;91.0;45.0;Upright;91.0;30417.0
185;From Here to Eternity;1953;Buddy Adler;Winner;1953;118;Drama,Romance,War;Certified-Fresh;92.0;61.0;Upright;84.0;14883.0
186;Julius Caesar;1953;John Houseman;Nominee;1953;120;Biography,Drama,History;Fresh;95.0;22.0;Upright;81.0;5248.0
187;The Robe;1953;Frank Ross;Nominee;1953;135;Drama,History;Rotten;33.0;18.0;Upright;69.0;6018.0
188;Roman Holiday;1953;William Wyler;Nominee;1953;118;Comedy,Romance;Certified-Fresh;97.0;59.0;Upright;93.0;63470.0
189;Shane;1953;George Stevens;Nominee;1953;118;Drama,Western;Fresh;97.0;36.0;Upright;81.0;15548.0
190;On the Waterfront;1954;Sam Spiegel;Winner;1954;108;Crime,Drama,Thriller;Certified-Fresh;99.0;72.0;Upright;95.0;52205.0
191;The Caine Mutiny;1954;Stanley Kramer;Nominee;1954;124;Drama,War;Fresh;92.0;25.0;Upright;87.0;7557.0
192;The Country Girl;1954;William Perlberg;Nominee;1954;104;Drama,Music;Fresh;86.0;7.0;Upright;77.0;3106.0
193;Seven Brides for Seven Brothers;1954;Jack Cummings;Nominee;1954;102;Comedy,Drama,Musical;Fresh;88.0;26.0;Upright;87.0;54305.0
194;Three Coins in the Fountain;1954;Sol C. Siegel;Nominee;1954;102;Drama,Romance;Fresh;60.0;10.0;Spilled;43.0;2021.0
195;Marty;1955;Harold Hecht;Winner;1955;90;Drama,Romance;Certified-Fresh;98.0;42.0;Upright;87.0;6757.0
196;Love Is a Many-Splendored Thing;1955;Buddy Adler;Nominee;1955;102;Biography,Drama,Romance;;;;;;
197;Mister Roberts;1955;Leland Hayward;Nominee;1955;123;Comedy,Drama,War;Fresh;92.0;25.0;Upright;84.0;6728.0
198;Picnic;1955;Fred Kohlmar;Nominee;1955;115;Drama,Romance;Rotten;50.0;8.0;Spilled;54.0;2519.0
199;The Rose Tattoo;1955;Hal B. Wallis;Nominee;1955;117;Comedy,Drama,Romance;Fresh;67.0;6.0;Upright;74.0;1108.0
200;Around the World in 80 Days;1956;Michael Todd;Winner;1956;175;Adventure,Comedy,Family;Fresh;69.0;42.0;Spilled;57.0;33440.0
201;Friendly Persuasion;1956;William Wyler;Nominee;1956;137;Drama,Romance,War;Fresh;88.0;8.0;Upright;81.0;1251.0
202;Giant;1956;George Stevens and Henry Ginsberg;Nominee;1956;201;Drama,Western;Certified-Fresh;95.0;44.0;Upright;87.0;24255.0
203;The King and I;1956;Charles Brackett;Nominee;1956;133;Biography,Drama,Musical;Fresh;96.0;26.0;Upright;83.0;61003.0
204;The Ten Commandments;1956;Cecil B. DeMille;Nominee;1956;220;Adventure,Drama;Fresh;89.0;37.0;Upright;87.0;60242.0
205;The Bridge on the River Kwai;1957;Sam Spiegel;Winner;1957;161;Adventure,Drama,War;Certified-Fresh;95.0;59.0;Upright;93.0;54711.0
206;12 Angry Men;1957;Henry Fonda and Reginald Rose;Nominee;1957;96;Crime,Drama;;;;;;
207;Peyton Place;1957;Jerry Wald;Nominee;1957;157;Drama,Romance;Fresh;65.0;17.0;Upright;72.0;3106.0
208;Sayonara;1957;William Goetz;Nominee;1957;147;Drama,Romance;;;;;;
209;Witness for the Prosecution;1957;Arthur Hornblow Jr.;Nominee;1957;116;Crime,Drama,Mystery;Fresh;100.0;31.0;Upright;95.0;8968.0
210;Gigi;1958;Arthur Freed;Winner;1958;115;Comedy,Musical,Romance;Fresh;81.0;37.0;Upright;74.0;20979.0
211;Auntie Mame;1958;Jack L. Warner;Nominee;1958;143;Comedy,Drama,Romance;Fresh;93.0;15.0;Upright;93.0;8232.0
212;Cat on a Hot Tin Roof;1958;Lawrence Weingarten;Nominee;1958;108;Drama;Fresh;97.0;37.0;Upright;92.0;31748.0
213;The Defiant Ones;1958;Stanley Kramer;Nominee;1958;96;Crime,Drama;Fresh;83.0;24.0;Upright;87.0;5151.0
214;Separate Tables;1958;Harold Hecht;Nominee;1958;100;Drama,Romance;Fresh;69.0;16.0;Upright;76.0;1355.0
215;Ben-Hur;1959;Sam Zimbalist;Winner;1959;212;Adventure,Drama,History;Certified-Fresh;86.0;50.0;Upright;89.0;106187.0
216;Anatomy of a Murder;1959;Otto Preminger;Nominee;1959;161;Crime,Drama,Mystery;Certified-Fresh;100.0;47.0;Upright;90.0;12375.0
217;The Diary of Anne Frank;1959;George Stevens;Nominee;1959;180;Biography,Drama,Family;Fresh;79.0;19.0;Upright;77.0;27953.0
218;The Nun's Story;1959;Henry Blanke;Nominee;1959;149;Drama;Fresh;94.0;16.0;Upright;82.0;5552.0
219;Room at the Top;1959;John Woolf and James Woolf;Nominee;1959;115;Drama,Romance;;;;;;
220;The Apartment;1960;Billy Wilder;Winner;1960;125;Comedy,Drama,Romance;Certified-Fresh;93.0;71.0;Upright;94.0;38188.0
221;The Alamo;1960;John Wayne;Nominee;1960;162;Adventure,Drama,History;Rotten;52.0;21.0;Upright;63.0;7337.0
222;Elmer Gantry;1960;Bernard Smith;Nominee;1960;146;Drama;;;;;;
223;Sons and Lovers;1960;Jerry Wald;Nominee;1960;103;Drama;;;;;;
224;The Sundowners;1960;Fred Zinnemann;Nominee;1960;133;Adventure,Drama;Fresh;75.0;12.0;Upright;62.0;589.0
225;West Side Story;1961;Robert Wise;Winner;1961;153;Crime,Drama,Musical;Certified-Fresh;92.0;78.0;Upright;84.0;168990.0
226;Fanny;1961;Joshua Logan;Nominee;1961;134;Drama,Romance;;;;;;
227;The Guns of Navarone;1961;Carl Foreman;Nominee;1961;158;Action,Adventure,Drama;Fresh;92.0;24.0;Upright;86.0;20751.0
228;The Hustler;1961;Robert Rossen;Nominee;1961;134;Drama,Sport;Certified-Fresh;98.0;44.0;Upright;93.0;31217.0
229;Judgment at Nuremberg;1961;Stanley Kramer;Nominee;1961;179;Drama,War;;;;;;
230;Lawrence of Arabia;1962;Sam Spiegel;Winner;1962;228;Adventure,Biography,Drama;Certified-Fresh;98.0;88.0;Upright;93.0;75122.0
231;The Longest Day;1962;Darryl F. Zanuck;Nominee;1962;178;Action,Drama,History;Fresh;87.0;23.0;Upright;90.0;42928.0
232;The Music Man;1962;Morton DaCosta;Nominee;1962;151;Comedy,Family,Musical;Fresh;94.0;17.0;Upright;85.0;30549.0
233;Mutiny on the Bounty;1962;Aaron Rosenberg;Winner;1962;178;Adventure,Drama,History;Fresh;68.0;19.0;Upright;73.0;4471.0
234;To Kill a Mockingbird;1962;Alan J. Pakula;Nominee;1962;129;Crime,Drama;;;;;;
235;Tom Jones;1963;Tony Richardson;Winner;1963;129;Adventure,Comedy,History;Fresh;82.0;39.0;Spilled;58.0;5491.0
236;America America;1963;Elia Kazan;Nominee;1963;174;Drama;Fresh;67.0;9.0;Upright;85.0;976.0
237;Cleopatra;1963;Walter Wanger;Nominee;1963;192;Biography,Drama,History;Fresh;62.0;39.0;Upright;69.0;20541.0
238;How the West Was Won;1963;Bernard Smith;Nominee;1962;164;Western;;;;;;
239;Lilies of the Field;1963;Ralph Nelson;Nominee;1963;94;Drama;Fresh;91.0;23.0;Upright;86.0;6139.0
240;My Fair Lady;1964;Jack L. Warner;Winner;1964;170;Drama,Family,Musical;;;;;;
241;Becket;1964;Hal B. Wallis;Nominee;1964;148;Biography,Drama,History;Fresh;76.0;25.0;Upright;87.0;5611.0
242;Dr. Strangelove or: How I Learned to Stop Worrying and Love the Bomb;1964;Stanley Kubrick;Nominee;1964;95;Comedy;;;;;;
243;Mary Poppins;1964;Walt Disney and Bill Walsh;Nominee;1964;139;Comedy,Family,Fantasy;Certified-Fresh;100.0;51.0;Upright;86.0;682486.0
244;Zorba the Greek;1964;Michael Cacoyannis;Nominee;1964;142;Comedy,Drama;Fresh;80.0;10.0;Upright;86.0;7146.0
245;The Sound of Music;1965;Robert Wise;Winner;1965;172;Biography,Drama,Family;Certified-Fresh;83.0;71.0;Upright;91.0;606397.0
246;Darling;1965;Joseph Janni;Nominee;1965;128;Drama,Romance;Fresh;67.0;18.0;Upright;71.0;2184.0
247;Doctor Zhivago;1965;Carlo Ponti;Nominee;1965;197;Drama,Romance,War;Certified-Fresh;84.0;49.0;Upright;88.0;45777.0
248;Ship of Fools;1965;Stanley Kramer;Nominee;1965;149;Drama,Romance,War;Fresh;72.0;18.0;Upright;78.0;1178.0
249;A Thousand Clowns;1965;Fred Coe;Nominee;1965;118;Comedy,Drama,Romance;;;;;;
250;A Man for All Seasons;1966;Fred Zinnemann;Winner;1966;120;Biography,Drama,History;Certified-Fresh;83.0;42.0;Upright;87.0;9774.0
251;Alfie;1966;Lewis Gilbert;Nominee;1966;114;Comedy,Drama;Fresh;96.0;27.0;Upright;76.0;14669.0
252;The Russians Are Coming, the Russians Are Coming;1966;Norman Jewison;Nominee;1966;126;Comedy,War;Fresh;86.0;21.0;Upright;75.0;4763.0
253;The Sand Pebbles;1966;Robert Wise;Nominee;1966;182;Adventure,Drama,Romance;Fresh;89.0;18.0;Upright;88.0;5639.0
254;Who's Afraid of Virginia Woolf?;1966;Ernest Lehman;Nominee;1966;131;Drama;Certified-Fresh;95.0;43.0;Upright;91.0;21663.0
255;In the Heat of the Night;1967;Walter Mirisch;Winner;1967;110;Crime,Drama,Mystery;Certified-Fresh;95.0;55.0;Upright;92.0;23185.0
256;Bonnie and Clyde;1967;Warren Beatty;Nominee;1967;111;Action,Biography,Crime;Certified-Fresh;88.0;64.0;Upright;88.0;56566.0
257;Doctor Dolittle;1967;Arthur P. Jacobs;Nominee;1967;152;Adventure,Comedy,Family;Rotten;29.0;21.0;Spilled;57.0;73397.0
258;The Graduate;1967;Lawrence Turman;Nominee;1967;106;Comedy,Drama,Romance;Certified-Fresh;87.0;82.0;Upright;90.0;183610.0
259;Guess Who's Coming to Dinner;1967;Stanley Kramer;Nominee;1967;108;Comedy,Drama;Fresh;70.0;37.0;Upright;85.0;38252.0
260;Oliver!;1968;John Woolf;Winner;1968;153;Drama,Family,Musical;Fresh;82.0;34.0;Upright;81.0;56092.0
261;Funny Girl;1968;Ray Stark;Nominee;1968;151;Biography,Comedy,Drama;Certified-Fresh;93.0;45.0;Upright;85.0;19884.0
262;The Lion in Winter;1968;Martin Poll;Nominee;1968;134;Biography,Drama,History;Certified-Fresh;90.0;40.0;Upright;90.0;13105.0
263;Rachel, Rachel;1968;Paul Newman;Nominee;1968;101;Drama,Romance;Fresh;86.0;7.0;Upright;77.0;492.0
264;Romeo and Juliet;1968;Anthony Havelock-Allan and John Brabourne;Nominee;1968;138;Drama,Romance;Fresh;95.0;37.0;Upright;74.0;65196.0
265;Midnight Cowboy;1969;Jerome Hellman;Winner;1969;113;Drama;Certified-Fresh;88.0;75.0;Upright;88.0;40013.0
266;Anne of the Thousand Days;1969;Hal B. Wallis;Nominee;1969;145;Biography,Drama,History;Rotten;38.0;13.0;Upright;83.0;3281.0
267;Butch Cassidy and the Sundance Kid;1969;John Foreman;Nominee;1969;110;Biography,Crime,Drama;Certified-Fresh;90.0;51.0;Upright;92.0;71183.0
268;Hello, Dolly!;1969;Ernest Lehman;Nominee;1969;146;Adventure,Comedy,Musical;Rotten;43.0;30.0;Upright;76.0;21196.0
269;Z;1969;Jacques Perrin and Ahmed Rachedi;Nominee;1969;127;Crime,Drama,History;Certified-Fresh;93.0;46.0;Upright;93.0;6526.0
270;Patton;1970;Frank McCarthy;Winner;1970;172;Biography,Drama,War;Certified-Fresh;94.0;49.0;Upright;93.0;43309.0
271;Airport;1970;Ross Hunter;Nominee;1970;137;Action,Drama,Thriller;Fresh;73.0;15.0;Spilled;53.0;11263.0
272;Five Easy Pieces;1970;Bob Rafelson and Richard Wechsler;Nominee;1970;98;Drama;Certified-Fresh;88.0;50.0;Upright;84.0;13154.0
273;Love Story;1970;Howard G. Minsky;Nominee;1970;100;Drama,Romance;Fresh;68.0;25.0;Upright;75.0;35290.0
274;M*A*S*H;1970;Ingo Preminger;Nominee;1970;116;Comedy,Drama,War;Certified-Fresh;87.0;53.0;Upright;83.0;53152.0
275;The French Connection;1971;Philip D'Antoni;Winner;1971;104;Action,Crime,Drama;Certified-Fresh;98.0;60.0;Upright;87.0;44341.0
276;A Clockwork Orange;1971;Stanley Kubrick;Nominee;1971;136;Crime,Drama,Sci-Fi;;;;;;
277;Fiddler on the Roof;1971;Norman Jewison;Nominee;1971;181;Drama,Family,Musical;Certified-Fresh;83.0;41.0;Upright;92.0;52560.0
278;The Last Picture Show;1971;Stephen J. Friedman;Nominee;1971;118;Drama,Romance;Certified-Fresh;100.0;57.0;Upright;90.0;14148.0
279;Nicholas and Alexandra;1971;Sam Spiegel;Nominee;1971;183;Biography,Drama,History;Fresh;67.0;15.0;Upright;78.0;1674.0
280;The Godfather;1972;Albert S. Ruddy;Winner;1972;175;Crime,Drama;;;;;;
281;Cabaret;1972;Cy Feuer;Nominee;1972;124;Drama,Music,Musical;Certified-Fresh;93.0;43.0;Upright;87.0;36098.0
282;Deliverance;1972;John Boorman;Nominee;1972;109;Adventure,Drama,Thriller;Certified-Fresh;89.0;63.0;Upright;82.0;49424.0
283;The Emigrants;1972;Bengt Forslund;Nominee;1971;151;Drama,History;;;;;;
284;Sounder;1972;Robert B. Radnitz;Nominee;1972;105;Drama,Family;;;;;;
285;The Sting;1973;Tony Bill, Michael Phillips, and Julia Phillips;Winner;1973;129;Comedy,Crime,Drama;Certified-Fresh;94.0;63.0;Upright;95.0;61731.0
286;American Graffiti;1973;Francis Ford Coppola and Gary Kurtz;Nominee;1973;110;Comedy,Drama;Certified-Fresh;96.0;52.0;Upright;84.0;64618.0
287;Cries and Whispers;1973;Ingmar Bergman;Nominee;1972;91;Drama;Fresh;90.0;30.0;Upright;91.0;9251.0
288;The Exorcist;1973;William Peter Blatty;Nominee;1973;122;Horror;Certified-Fresh;83.0;81.0;Upright;87.0;420304.0
289;A Touch of Class;1973;Melvin Frank;Nominee;1973;106;Comedy,Romance;Fresh;83.0;12.0;Upright;64.0;2032.0
290;The Godfather Part II;1974;Francis Ford Coppola, Gray Frederickson, and Fred Roos;Winner;1974;202;Crime,Drama;;;;;;
291;Chinatown;1974;Robert Evans;Nominee;1974;130;Drama,Mystery,Thriller;Certified-Fresh;99.0;75.0;Upright;93.0;77911.0
292;The Conversation;1974;Francis Ford Coppola;Nominee;1974;113;Drama,Mystery,Thriller;Certified-Fresh;96.0;55.0;Upright;90.0;35156.0
293;Lenny;1974;Marvin Worth;Nominee;1974;111;Biography,Drama;Fresh;88.0;25.0;Upright;88.0;6547.0
294;The Towering Inferno;1974;Irwin Allen;Nominee;1974;165;Action,Drama,Thriller;Fresh;69.0;32.0;Upright;72.0;28338.0
295;One Flew Over the Cuckoo's Nest;1975;Michael Douglas and Saul Zaentz;Winner;1975;133;Drama;Certified-Fresh;94.0;80.0;Upright;96.0;279760.0
296;Barry Lyndon;1975;Stanley Kubrick;Nominee;1975;185;Adventure,Drama,History;Certified-Fresh;91.0;74.0;Upright;92.0;45079.0
297;Dog Day Afternoon;1975;Martin Bregman and Martin Elfand;Nominee;1975;125;Biography,Crime,Drama;Certified-Fresh;96.0;45.0;Upright;90.0;110209.0
298;Jaws;1975;Richard D. Zanuck and David Brown;Nominee;1975;124;Adventure,Thriller;Certified-Fresh;98.0;88.0;Upright;90.0;944601.0
299;Nashville;1975;Robert Altman;Nominee;1975;160;Comedy,Drama,Music;Certified-Fresh;90.0;62.0;Upright;84.0;10086.0
300;Rocky;1976;Irwin Winkler and Robert Chartoff;Winner;1976;120;Drama,Sport;Certified-Fresh;94.0;65.0;Upright;69.0;33403994.0
301;All the President's Men;1976;Walter Coblenz;Nominee;1976;138;Biography,Drama,History;Certified-Fresh;94.0;63.0;Upright;92.0;50300.0
302;Bound for Glory;1976;Robert F. Blumofe and Harold Leventhal;Nominee;1976;147;Biography,Drama,Music;;;;;;
303;Network;1976;Howard Gottfried;Nominee;1976;121;Drama;Certified-Fresh;91.0;68.0;Upright;93.0;36359.0
304;Taxi Driver;1976;Michael Phillips and Julia Phillips;Nominee;1976;114;Crime,Drama;Certified-Fresh;96.0;92.0;Upright;93.0;260593.0
305;Annie Hall;1977;Charles H. Joffe;Winner;1977;93;Comedy,Romance;Certified-Fresh;98.0;82.0;Upright;92.0;153745.0
306;The Goodbye Girl;1977;Ray Stark;Nominee;1977;111;Comedy,Drama,Romance;Fresh;84.0;19.0;Upright;84.0;7479.0
307;Julia;1977;Richard Roth;Nominee;1977;117;Drama;;;;;;
308;Star Wars;1977;Gary Kurtz;Nominee;1977;121;Action,Adventure,Fantasy;;;;;;
309;The Turning Point;1977;Herbert Ross and Arthur Laurents;Nominee;1977;119;Drama,Romance;;;;;;
310;The Deer Hunter;1978;Barry Spikings, Michael Deeley, Michael Cimino, and John Peverall;Winner;1978;183;Drama,War;;;;;;
311;Coming Home;1978;Jerome Hellman;Nominee;1978;127;Drama,Romance,War;;;;;;
312;Heaven Can Wait;1978;Warren Beatty;Nominee;1978;101;Comedy,Fantasy,Romance;Certified-Fresh;88.0;41.0;Upright;68.0;13232.0
313;Midnight Express;1978;Alan Marshall and David Puttnam;Nominee;1978;121;Biography,Crime,Drama;Fresh;96.0;26.0;Upright;89.0;31089.0
314;An Unmarried Woman;1978;Paul Mazursky and Tony Ray;Nominee;1978;124;Comedy,Drama,Romance;;;;;;
315;Kramer vs. Kramer;1979;Stanley R. Jaffe;Winner;1979;105;Drama;Certified-Fresh;88.0;52.0;Upright;89.0;43464.0
316;All That Jazz;1979;Robert Alan Aurthur;Nominee;1979;123;Drama,Music,Musical;;;;;;
317;Apocalypse Now;1979;Francis Ford Coppola, Fred Roos, Gray Frederickson, and Tom Sternberg;Nominee;1979;147;Drama,Mystery,War;Certified-Fresh;98.0;95.0;Upright;94.0;286037.0
318;Breaking Away;1979;Peter Yates;Nominee;1979;101;Comedy,Drama,Romance;Fresh;95.0;37.0;Upright;88.0;9343.0
319;Norma Rae;1979;Tamara Asseyev and Alex Rose;Nominee;1979;114;Drama;;;;;;
320;Ordinary People;1980;Ronald L. Schwary;Winner;1980;124;Drama;Certified-Fresh;89.0;54.0;Upright;88.0;23217.0
321;Coal Miner's Daughter;1980;Bernard Schwartz;Nominee;1980;124;Biography,Drama,Music;Fresh;86.0;22.0;Upright;86.0;36305.0
322;The Elephant Man;1980;Jonathan Sanger;Nominee;1980;124;Biography,Drama;Certified-Fresh;92.0;53.0;Upright;93.0;64544.0
323;Raging Bull;1980;Irwin Winkler and Robert Chartoff;Nominee;1980;129;Biography,Drama,Sport;Certified-Fresh;93.0;74.0;Upright;93.0;131407.0
324;Tess;1980;Claude Berri and Timothy Burrill;Nominee;1979;186;Drama,Romance;Fresh;81.0;26.0;Upright;78.0;6331.0
325;Chariots of Fire;1981;David Puttnam;Winner;1981;125;Biography,Drama,Sport;Certified-Fresh;82.0;73.0;Upright;80.0;37166.0
326;Atlantic City;1981;Denis HÃ©roux;Nominee;1980;104;Crime,Drama,Romance;Fresh;100.0;33.0;Upright;77.0;5228.0
327;On Golden Pond;1981;Bruce Gilbert;Nominee;1981;109;Drama;Fresh;93.0;29.0;Upright;87.0;20566.0
328;Raiders of the Lost Ark;1981;Frank Marshall;Nominee;1981;115;Action,Adventure;Certified-Fresh;95.0;80.0;Upright;96.0;826663.0
329;Reds;1981;Warren Beatty;Nominee;1975;127;Horror,Mystery,Thriller;;;;;;
330;Gandhi;1982;Richard Attenborough;Winner;1982;191;Biography,Drama,History;Certified-Fresh;85.0;61.0;Upright;92.0;49831.0
331;E.T. the Extra-Terrestrial;1982;Steven Spielberg and Kathleen Kennedy;Nominee;1982;115;Family,Sci-Fi;;;;;;
332;Missing;1982;Edward Lewis and Mildred Lewis;Nominee;1982;122;Biography,Drama,History;;;;;;
333;Tootsie;1982;Sydney Pollack and Dick Richards;Nominee;1982;116;Comedy,Drama,Romance;Certified-Fresh;90.0;51.0;Upright;81.0;58527.0
334;The Verdict;1982;Richard D. Zanuck and David Brown;Nominee;1982;129;Drama;Fresh;88.0;33.0;Upright;88.0;10381.0
335;Terms of Endearment;1983;James L. Brooks;Winner;1983;132;Comedy,Drama;Certified-Fresh;78.0;54.0;Upright;83.0;36329.0
336;The Big Chill;1983;Michael Shamberg;Nominee;1983;105;Comedy,Drama;Fresh;68.0;38.0;Upright;77.0;22301.0
337;The Dresser;1983;Peter Yates;Nominee;1983;118;Drama;Fresh;100.0;14.0;Upright;87.0;1802.0
338;The Right Stuff;1983;Irwin Winkler and Robert Chartoff;Nominee;1983;193;Adventure,Biography,Drama;;;;;;
339;Tender Mercies;1983;Philip S. Hobel;Nominee;1983;92;Drama,Music;Fresh;84.0;25.0;Upright;82.0;3613.0
340;Amadeus;1984;Saul Zaentz;Winner;1984;160;Biography,Drama,History;Certified-Fresh;93.0;99.0;Upright;95.0;180143.0
341;The Killing Fields;1984;David Puttnam;Nominee;1984;141;Biography,Drama,History;Certified-Fresh;93.0;43.0;Upright;92.0;23126.0
342;A Passage to India;1984;John Brabourne and Richard B. Goodwin;Nominee;1984;164;Adventure,Drama,History;Fresh;76.0;25.0;Upright;78.0;6936.0
343;Places in the Heart;1984;Arlene Donovan;Nominee;1984;111;Drama;;;;;;
344;A Soldier's Story;1984;Norman Jewison, Ronald L. Schwary, and Patrick Palmer;Nominee;1984;101;Crime,Drama,Mystery;Fresh;90.0;20.0;Upright;81.0;6506.0
345;Out of Africa;1985;Sydney Pollack;Winner;1985;161;Biography,Drama,Romance;Rotten;59.0;54.0;Upright;83.0;40320.0
346;The Color Purple;1985;Steven Spielberg, Kathleen Kennedy, Frank Marshall, and Quincy Jones;Nominee;1985;154;Drama;Fresh;81.0;31.0;Upright;94.0;180874.0
347;Kiss of the Spider Woman;1985;David Weisman;Nominee;1985;120;Drama;Fresh;87.0;30.0;Upright;81.0;7183.0
348;Prizzi's Honor;1985;John Foreman;Nominee;1985;130;Comedy,Crime,Drama;;;;;;
349;Witness;1985;Edward S. Feldman;Nominee;1985;112;Crime,Drama,Romance;Certified-Fresh;93.0;41.0;Upright;80.0;46814.0
350;Platoon;1986;Arnold Kopelson;Winner;1986;120;Drama,War;Certified-Fresh;88.0;67.0;Upright;93.0;239850.0
351;Children of a Lesser God;1986;Burt Sugarman and Patrick J. Palmer;Nominee;1986;119;Drama,Romance;Fresh;82.0;33.0;Upright;79.0;8543.0
352;Hannah and Her Sisters;1986;Robert Greenhut;Nominee;1986;107;Comedy,Drama;Certified-Fresh;91.0;56.0;Upright;90.0;31072.0
353;The Mission;1986;Fernando Ghia and David Puttnam;Nominee;1986;125;Adventure,Drama,History;Fresh;64.0;25.0;Upright;87.0;38896.0
354;A Room with a View;1986;Ismail Merchant;Nominee;1985;117;Drama,Romance;;;;;;
355;The Last Emperor;1987;Jeremy Thomas;Winner;1987;163;Biography,Drama,History;Certified-Fresh;89.0;72.0;Upright;88.0;39918.0
356;Broadcast News;1987;James L. Brooks;Nominee;1987;133;Comedy,Drama,Romance;Certified-Fresh;98.0;51.0;Upright;79.0;11001.0
357;Fatal Attraction;1987;Stanley R. Jaffe and Sherry Lansing;Nominee;1987;119;Drama,Thriller;Certified-Fresh;76.0;54.0;Upright;72.0;53027.0
358;Hope and Glory;1987;John Boorman;Nominee;1987;113;Comedy,Drama,Romance;;;;;;
359;Moonstruck;1987;Patrick J. Palmer and Norman Jewison;Nominee;1987;102;Comedy,Drama,Romance;Certified-Fresh;93.0;61.0;Upright;81.0;44806.0
360;Rain Man;1988;Mark Johnson;Winner;1988;133;Drama;Certified-Fresh;89.0;80.0;Upright;90.0;314120.0
361;The Accidental Tourist;1988;Lawrence Kasdan, Charles Okun, and Michael Grillo;Nominee;1988;121;Drama,Romance;Fresh;81.0;32.0;Upright;60.0;6208.0
362;Dangerous Liaisons;1988;Norma Heyman and Hank Moonjean;Nominee;1988;119;Drama,Romance;Fresh;93.0;30.0;Upright;83.0;46589.0
363;Mississippi Burning;1988;Frederick Zollo and Robert F. Colesberry;Nominee;1988;128;Crime,Drama,History;Fresh;84.0;25.0;Upright;90.0;39455.0
364;Working Girl;1988;Douglas Wick;Nominee;1988;113;Comedy,Drama,Romance;Certified-Fresh;84.0;44.0;Upright;67.0;33603.0
365;Driving Miss Daisy;1989;Richard D. Zanuck and Lili Fini Zanuck;Winner;1989;99;Drama;;;;;;
366;Born on the Fourth of July;1989;A. Kitman Ho and Oliver Stone;Nominee;1989;145;Biography,Drama,War;Certified-Fresh;85.0;48.0;Upright;76.0;59360.0
367;Dead Poets Society;1989;Steven Haft, Paul Junger Witt, and Tony Thomas;Nominee;1989;128;Comedy,Drama;Certified-Fresh;84.0;57.0;Upright;92.0;307114.0
368;Field of Dreams;1989;Lawrence Gordon and Charles Gordon;Nominee;1989;107;Drama,Family,Fantasy;;;;;;
369;My Left Foot;1989;Noel Pearson;Nominee;1989;103;Biography,Drama;Certified-Fresh;98.0;41.0;Upright;92.0;26763.0
370;Dances with Wolves;1990;Jim Wilson and Kevin Costner;Winner;1990;181;Adventure,Drama,Western;;;;;;
371;Awakenings;1990;Walter Parkes and Lawrence Lasker;Nominee;1990;121;Biography,Drama;Fresh;88.0;33.0;Upright;89.0;55182.0
372;Ghost;1990;Lisa Weinstein;Nominee;1990;127;Drama,Fantasy,Romance;Certified-Fresh;74.0;74.0;Upright;80.0;469588.0
373;The Godfather Part III;1990;Francis Ford Coppola;Nominee;1990;162;Crime,Drama;;;;;;
374;Goodfellas;1990;Irwin Winkler;Nominee;1990;146;Biography,Crime,Drama;;;;;;
375;The Silence of the Lambs;1991;Edward Saxon, Kenneth Utt, and Ron Bozman;Winner;1991;118;Crime,Drama,Thriller;Certified-Fresh;96.0;101.0;Upright;95.0;847028.0
376;Beauty and the Beast;1991;Don Hahn;Nominee;1991;84;Animation,Family,Fantasy;Certified-Fresh;94.0;117.0;Upright;92.0;760077.0
377;Bugsy;1991;Mark Johnson, Barry Levinson and Warren Beatty;Nominee;1991;136;Biography,Crime,Drama;Certified-Fresh;85.0;60.0;Upright;69.0;10228.0
378;JFK;1991;A. Kitman Ho and Oliver Stone;Nominee;1991;189;Drama,History,Thriller;Certified-Fresh;84.0;63.0;Upright;88.0;62583.0
379;The Prince of Tides;1991;Barbra Streisand and Andrew S. Karsch;Nominee;1991;132;Drama,Romance;Fresh;69.0;32.0;Upright;70.0;9233.0
380;Unforgiven;1992;Clint Eastwood;Winner;1992;130;Drama,Western;Certified-Fresh;96.0;106.0;Upright;93.0;122729.0
381;The Crying Game;1992;Stephen Woolley;Nominee;1992;112;Crime,Drama,Romance;Certified-Fresh;94.0;67.0;Upright;78.0;31834.0
382;A Few Good Men;1992;David Brown, Rob Reiner, and Andrew Scheinman;Nominee;1992;138;Drama,Thriller;Certified-Fresh;83.0;64.0;Upright;89.0;325423.0
383;Howards End;1992;Ismail Merchant;Nominee;1992;142;Drama,Romance;Certified-Fresh;94.0;66.0;Upright;82.0;13673.0
384;Scent of a Woman;1992;Martin Brest;Nominee;1992;156;Drama;Certified-Fresh;89.0;44.0;Upright;92.0;119250.0
385;Schindler's List;1993;Steven Spielberg, Gerald R. Molen, and Branko Lustig;Winner;1993;195;Biography,Drama,History;Certified-Fresh;97.0;100.0;Upright;97.0;411608.0
386;The Fugitive;1993;Arnold Kopelson;Nominee;1993;130;Action,Crime,Drama;Certified-Fresh;96.0;77.0;Upright;89.0;267812.0
387;In the Name of the Father;1993;Jim Sheridan;Nominee;1993;133;Biography,Crime,Drama;Certified-Fresh;94.0;50.0;Upright;95.0;41328.0
388;The Piano;1993;Jan Chapman;Nominee;1993;121;Drama,Music,Romance;Certified-Fresh;92.0;61.0;Upright;86.0;48469.0
389;The Remains of the Day;1993;Mike Nichols, John Calley, and Ismail Merchant;Nominee;1993;134;Drama,Romance;Certified-Fresh;95.0;42.0;Upright;89.0;24343.0
390;Forrest Gump;1994;Wendy Finerman, Steve Tisch, and Steve Starkey;Winner;1994;142;Drama,Romance;Fresh;71.0;103.0;Upright;95.0;1244237.0
391;Four Weddings and a Funeral;1994;Duncan Kenworthy;Nominee;1994;117;Comedy,Drama,Romance;Certified-Fresh;96.0;69.0;Upright;74.0;185024.0
392;Pulp Fiction;1994;Lawrence Bender;Nominee;1994;154;Crime,Drama;;;;;;
393;Quiz Show;1994;Michael Jacobs, Julian Krainin, Michael Nozik, and Robert Redford;Nominee;1994;133;Biography,Drama,History;Certified-Fresh;96.0;56.0;Upright;87.0;31595.0
394;The Shawshank Redemption;1994;Niki Marvin;Nominee;1994;142;Drama;Certified-Fresh;91.0;75.0;Upright;98.0;886485.0
395;Braveheart;1995;Mel Gibson, Alan Ladd Jr., and Bruce Davey;Winner;1995;178;Biography,Drama,History;Certified-Fresh;78.0;82.0;Upright;85.0;32708456.0
396;Apollo 13;1995;Brian Grazer;Nominee;1995;140;Adventure,Drama,History;Certified-Fresh;96.0;92.0;Upright;87.0;432986.0
397;Babe;1995;Bill Miller, George Miller, and Doug Mitchell;Nominee;1995;91;Comedy,Drama,Family;Certified-Fresh;97.0;70.0;Upright;67.0;508807.0
398;The Postman (Il Postino);1995;Mario Cecchi Gori, Vittorio Cecchi Gori, and Gaetano Daniele;Nominee;1994;108;Biography,Comedy,Drama;;;;;;
399;Sense and Sensibility;1995;Lindsay Doran;Nominee;1995;136;Drama,Romance;;;;;;
400;The English Patient;1996;Saul Zaentz;Winner;1996;162;Drama,Romance,War;Certified-Fresh;85.0;88.0;Upright;83.0;81711.0
401;Fargo;1996;Ethan Coen;Nominee;1996;98;Crime,Drama,Thriller;Certified-Fresh;94.0;96.0;Upright;93.0;234273.0
402;Jerry Maguire;1996;James L. Brooks, Laurence Mark, Richard Sakai, and Cameron Crowe;Nominee;1996;139;Comedy,Drama,Romance;;;;;;
403;Secrets & Lies;1996;Simon Channing-Williams;Nominee;1996;136;Comedy,Drama;;;;;;
404;Shine;1996;Jane Scott;Nominee;1996;105;Biography,Drama,Music;Certified-Fresh;91.0;44.0;Upright;90.0;30884.0
405;Titanic;1997;James Cameron and Jon Landau;Winner;1997;194;Drama,Romance;;;;;;
406;As Good as It Gets;1997;James L. Brooks, Bridget Johnson, and Kristi Zea;Nominee;1997;139;Comedy,Drama,Romance;Certified-Fresh;85.0;79.0;Upright;86.0;378698.0
407;The Full Monty;1997;Uberto Pasolini;Nominee;1997;91;Comedy,Drama;Certified-Fresh;96.0;50.0;Upright;79.0;180109.0
408;Good Will Hunting;1997;Lawrence Bender;Nominee;1997;126;Drama,Romance;Certified-Fresh;97.0;79.0;Upright;94.0;364798.0
409;L.A. Confidential;1997;Curtis Hanson, Arnon Milchan, and Michael Nathanson;Nominee;1997;138;Crime,Drama,Mystery;Certified-Fresh;99.0;114.0;Upright;94.0;150735.0
410;Shakespeare in Love;1998;David Parfitt, Donna Gigliotti, Harvey Weinstein, Edward Zwick, and Marc Norman;Winner;1998;123;Comedy,Drama,History;Certified-Fresh;92.0;141.0;Upright;80.0;226989.0
411;Elizabeth;1998;Alison Owen, Eric Fellner and Tim Bevan;Nominee;1998;124;Biography,Drama,History;Certified-Fresh;82.0;62.0;Upright;86.0;63472.0
412;Life Is Beautiful;1998;Elda Ferri and Gianluigi Braschi;Nominee;1997;116;Comedy,Drama,Romance;;;;;;
413;Saving Private Ryan;1998;Steven Spielberg, Ian Bryce, Mark Gordon, and Gary Levinsohn;Nominee;1998;169;Drama,War;Certified-Fresh;93.0;142.0;Upright;95.0;993261.0
414;The Thin Red Line;1998;Robert Michael Geisler, John Roberdeau, and Grant Hill;Nominee;1998;170;Drama,War;Certified-Fresh;80.0;102.0;Upright;80.0;148681.0
415;American Beauty;1999;Bruce Cohen and Dan Jinks;Winner;1999;122;Drama;Certified-Fresh;87.0;190.0;Upright;93.0;660578.0
416;The Cider House Rules;1999;Richard N. Gladstein;Nominee;1999;126;Drama,Romance;Fresh;71.0;112.0;Upright;77.0;53501.0
417;The Green Mile;1999;Frank Darabont and David Valdes;Nominee;1999;189;Crime,Drama,Fantasy;Certified-Fresh;78.0;134.0;Upright;94.0;813775.0
418;The Insider;1999;Pieter Jan Brugge and Michael Mann;Nominee;1999;157;Biography,Drama,Thriller;Certified-Fresh;96.0;137.0;Upright;90.0;59195.0
419;The Sixth Sense;1999;Frank Marshall, Kathleen Kennedy, and Barry Mendel;Nominee;1999;107;Drama,Mystery,Thriller;Certified-Fresh;86.0;158.0;Upright;90.0;1036685.0
420;Gladiator;2000;Douglas Wick, David Franzoni, and Branko Lustig;Winner;2000;155;Action,Adventure,Drama;Certified-Fresh;77.0;199.0;Upright;87.0;34128168.0
421;Chocolat;2000;David Brown, Kit Golden, and Leslie Holleran;Nominee;2000;121;Drama,Romance;Fresh;62.0;117.0;Upright;83.0;328939.0
422;Crouching Tiger, Hidden Dragon;2000;William Kong, Hsu Li-kong, and Ang Lee;Nominee;2000;120;Action,Adventure,Fantasy;;;;;;
423;Erin Brockovich;2000;Danny DeVito, Michael Shamberg, and Stacey Sher;Nominee;2000;131;Biography,Drama;Certified-Fresh;84.0;146.0;Upright;81.0;418647.0
424;Traffic;2000;Edward Zwick, Marshall Herskovitz, and Laura Bickford;Nominee;2000;147;Crime,Drama,Thriller;Certified-Fresh;93.0;161.0;Upright;85.0;190385.0
425;A Beautiful Mind;2001;Brian Grazer and Ron Howard;Winner;2001;135;Biography,Drama;Certified-Fresh;74.0;213.0;Upright;93.0;490923.0
426;Gosford Park;2001;Robert Altman, Bob Balaban, and David Levy;Nominee;2001;131;Comedy,Drama,Mystery;Certified-Fresh;86.0;160.0;Upright;78.0;48527.0
427;In the Bedroom;2001;Graham Leader, Ross Katz, and Todd Field;Nominee;2001;131;Crime,Drama;Certified-Fresh;93.0;138.0;Upright;81.0;20122.0
428;The Lord of the Rings: The Fellowship of the Ring;2001;Peter Jackson, Fran Walsh, and Barrie M. Osborne;Nominee;2001;178;Action,Adventure,Drama;Certified-Fresh;91.0;233.0;Upright;95.0;1355751.0
429;Moulin Rouge!;2001;Martin Brown, Baz Luhrmann, and Fred Baron;Nominee;2001;127;Drama,Musical,Romance;Certified-Fresh;76.0;199.0;Upright;89.0;505231.0
430;Chicago;2002;Martin Richards;Winner;2002;113;Comedy,Crime,Musical;Certified-Fresh;86.0;257.0;Upright;83.0;439544.0
431;Gangs of New York;2002;Alberto Grimaldi and Harvey Weinstein;Nominee;2002;167;Crime,Drama;Certified-Fresh;73.0;211.0;Upright;81.0;294323.0
432;The Hours;2002;Scott Rudin and Robert Fox;Nominee;2002;110;Drama,Romance;Certified-Fresh;80.0;194.0;Upright;84.0;85936.0
433;The Lord of the Rings: The Two Towers;2002;Barrie M. Osborne, Fran Walsh, and Peter Jackson;Nominee;2002;179;Action,Adventure,Drama;Certified-Fresh;95.0;255.0;Upright;95.0;1341428.0
434;The Pianist;2002;Roman Polanski, Robert Benmussa, and Alain Sarde;Nominee;2002;150;Biography,Drama,Music;Certified-Fresh;95.0;182.0;Upright;96.0;253230.0
435;The Lord of the Rings: The Return of the King;2003;Barrie M. Osborne, Peter Jackson, and Fran Walsh;Winner;2003;201;Action,Adventure,Drama;Certified-Fresh;93.0;275.0;Upright;86.0;34679773.0
436;Lost in Translation;2003;Ross Katz and Sofia Coppola;Nominee;2003;102;Comedy,Drama;;;;;;
437;Master and Commander: The Far Side of the World;2003;Samuel Goldwyn Jr., Peter Weir, and Duncan Henderson;Nominee;2003;138;Action,Adventure,Drama;Certified-Fresh;85.0;217.0;Upright;80.0;141077.0
438;Mystic River;2003;Robert Lorenz, Judie G. Hoyt, and Clint Eastwood;Nominee;2003;138;Crime,Drama,Mystery;Certified-Fresh;88.0;206.0;Upright;89.0;203535.0
439;Seabiscuit;2003;Kathleen Kennedy, Frank Marshall, and Gary Ross;Nominee;2003;140;Drama,History,Sport;Certified-Fresh;78.0;205.0;Upright;76.0;118428.0
440;Million Dollar Baby;2004;Clint Eastwood, Albert S. Ruddy, and Tom Rosenberg;Winner;2004;132;Drama,Sport;Certified-Fresh;91.0;268.0;Upright;90.0;405053.0
441;The Aviator;2004;Michael Mann and Graham King;Nominee;2004;170;Biography,Drama;Certified-Fresh;86.0;224.0;Upright;79.0;207578.0
442;Finding Neverland;2004;Richard N. Gladstein and Nellie Bellflower;Nominee;2004;106;Biography,Drama,Family;Certified-Fresh;83.0;208.0;Upright;87.0;465413.0
443;Ray;2004;Taylor Hackford, Stuart Benjamin, and Howard Baldwin;Nominee;2004;152;Biography,Drama,Music;Certified-Fresh;80.0;206.0;Upright;87.0;214558.0
444;Sideways;2004;Michael London;Nominee;2004;127;Comedy,Drama,Romance;Certified-Fresh;97.0;233.0;Upright;79.0;197689.0
445;Crash;2005;Paul Haggis and Cathy Schulman;Winner;2004;112;Crime,Drama,Thriller;Certified-Fresh;74.0;241.0;Upright;88.0;442331.0
446;Brokeback Mountain;2005;Diana Ossana and James Schamus;Nominee;2005;134;Drama,Romance;Certified-Fresh;87.0;246.0;Upright;82.0;519853.0
447;Capote;2005;Caroline Baron, William Vince, and Michael Ohoven;Nominee;2005;114;Biography,Crime,Drama;Certified-Fresh;90.0;196.0;Upright;82.0;115946.0
448;Good Night, and Good Luck;2005;Grant Heslov;Nominee;2005;93;Biography,Drama,History;;;;;;
449;Munich;2005;Steven Spielberg, Kathleen Kennedy, and Barry Mendel;Nominee;2005;164;Action,Drama,History;Certified-Fresh;78.0;210.0;Upright;83.0;330206.0
450;The Departed;2006;Graham King;Winner;2006;151;Crime,Drama,Thriller;Certified-Fresh;91.0;280.0;Upright;94.0;737806.0
451;Babel;2006;Alejandro GonzÃ¡lez IÃ±Ã¡rritu, Steve Golin, and Jon Kilik;Nominee;2006;143;Drama;Fresh;69.0;200.0;Upright;77.0;377310.0
452;Letters from Iwo Jima;2006;Clint Eastwood, Steven Spielberg, and Robert Lorenz;Nominee;2006;141;Action,Adventure,Drama;;;;;;
453;Little Miss Sunshine;2006;David T. Friendly, Peter Saraf, and Marc Turtletaub;Nominee;2006;101;Comedy,Drama;Certified-Fresh;91.0;218.0;Upright;91.0;427127.0
454;The Queen;2006;Andy Harries, Christine Langan, and Tracey Seaward;Nominee;2006;103;Biography,Drama,History;Certified-Fresh;96.0;198.0;Upright;76.0;175607.0
455;No Country for Old Men;2007;Scott Rudin, Joel Coen, and Ethan Coen;Winner;2007;122;Crime,Drama,Thriller;Certified-Fresh;93.0;287.0;Upright;86.0;399154.0
456;Atonement;2007;Tim Bevan, Eric Fellner, and Paul Webster;Nominee;2007;123;Drama,Mystery,Romance;Certified-Fresh;83.0;217.0;Upright;80.0;227149.0
457;Juno;2007;Lianne Halfon, Mason Novick, and Russell Smith;Nominee;2007;96;Comedy,Drama;Certified-Fresh;94.0;216.0;Upright;88.0;549481.0
458;Michael Clayton;2007;Jennifer Fox, Kerry Orent, and Sydney Pollack;Nominee;2007;119;Crime,Drama,Mystery;Certified-Fresh;91.0;203.0;Upright;69.0;299971.0
459;There Will Be Blood;2007;Paul Thomas Anderson, Daniel Lupi, and JoAnne Sellar;Nominee;2007;158;Drama;Certified-Fresh;92.0;236.0;Upright;86.0;255192.0
460;Slumdog Millionaire;2008;Christian Colson;Winner;2008;120;Drama,Romance;Certified-Fresh;91.0;288.0;Upright;90.0;1155769.0
461;The Curious Case of Benjamin Button;2008;Kathleen Kennedy, Frank Marshall, and CeÃ¡n Chaffin;Nominee;2008;166;Drama,Fantasy,Romance;Certified-Fresh;72.0;254.0;Upright;80.0;690720.0
462;Frost/Nixon;2008;Ron Howard, Brian Grazer, and Eric Fellner;Nominee;2008;122;Biography,Drama,History;;;;;;
463;Milk;2008;Bruce Cohen and Dan Jinks;Nominee;2008;128;Biography,Drama;Certified-Fresh;93.0;244.0;Upright;89.0;178019.0
464;The Reader;2008;Anthony Minghella, Sydney Pollack, Donna Gigliotti, and Redmond Morris;Nominee;2008;124;Drama,Romance;Fresh;63.0;202.0;Upright;79.0;206910.0
465;The Hurt Locker;2009;Kathryn Bigelow, Mark Boal, Nicolas Chartier, and Greg Shapiro;Winner;2008;131;Drama,Thriller,War;;;;;;
466;Avatar;2009;James Cameron and Jon Landau;Nominee;2009;162;Action,Adventure,Fantasy;Certified-Fresh;82.0;317.0;Upright;82.0;1382566.0
467;The Blind Side;2009;Gil Netter, Andrew A. Kosove, and Broderick Johnson;Nominee;2009;129;Biography,Drama,Sport;Fresh;66.0;204.0;Upright;85.0;431835.0
468;District 9;2009;Peter Jackson and Carolynne Cunningham;Nominee;2009;112;Action,Sci-Fi,Thriller;Certified-Fresh;90.0;312.0;Upright;82.0;1178535.0
469;An Education;2009;Finola Dwyer and Amanda Posey;Nominee;2009;100;Drama;;;;;;
470;Inglourious Basterds;2009;Lawrence Bender;Nominee;2009;153;Adventure,Drama,War;Certified-Fresh;89.0;329.0;Upright;88.0;775878.0
471;Precious: Based on the Novel 'Push' by Sapphire;2009;Lee Daniels, Sarah Siegel-Magness, and Gary Magness;Nominee;2009;110;Drama;;;;;;
472;A Serious Man;2009;Joel Coen and Ethan Coen;Nominee;2009;106;Comedy,Drama;Certified-Fresh;90.0;223.0;Upright;68.0;63118.0
473;Up;2009;Jonas Rivera;Nominee;2009;96;Animation,Adventure,Comedy;Certified-Fresh;98.0;296.0;Upright;90.0;1204027.0
474;Up in the Air;2009;Daniel Dubiecki, Ivan Reitman, and Jason Reitman;Nominee;2009;109;Comedy,Drama,Romance;Certified-Fresh;91.0;285.0;Upright;79.0;228473.0
475;The King's Speech;2010;Iain Canning, Emile Sherman, and Gareth Unwin;Winner;2010;118;Biography,Drama,History;Certified-Fresh;94.0;296.0;Upright;92.0;144575.0
476;127 Hours;2010;Danny Boyle, John Smithson, and Christian Colson;Nominee;2010;94;Biography,Drama;Certified-Fresh;93.0;235.0;Upright;85.0;95883.0
477;Black Swan;2010;Scott Franklin, Mike Medavoy, and Brian Oliver;Nominee;2010;108;Drama,Thriller;Certified-Fresh;85.0;309.0;Upright;84.0;178032.0
478;The Fighter;2010;David Hoberman, Todd Lieberman, and Mark Wahlberg;Nominee;2010;116;Biography,Drama,Sport;Certified-Fresh;90.0;250.0;Upright;89.0;121498.0
479;Inception;2010;Christopher Nolan and Emma Thomas;Nominee;2010;148;Action,Adventure,Sci-Fi;Certified-Fresh;87.0;357.0;Upright;91.0;571078.0
480;The Kids Are All Right;2010;Gary Gilbert, Jeffrey Levy-Hinte, and Celine Rattray;Nominee;2010;106;Comedy,Drama,Romance;Certified-Fresh;92.0;224.0;Upright;74.0;63588.0
481;The Social Network;2010;Dana Brunetti, CeÃ¡n Chaffin, Michael De Luca, and Scott Rudin;Nominee;2010;120;Biography,Drama;Certified-Fresh;96.0;321.0;Upright;86.0;204126.0
482;Toy Story 3;2010;Darla K. Anderson;Nominee;2010;103;Animation,Adventure,Comedy;Certified-Fresh;98.0;307.0;Upright;89.0;607537.0
483;True Grit;2010;Joel Coen, Ethan Coen, and Scott Rudin;Nominee;2010;110;Drama,Western;Certified-Fresh;96.0;272.0;Upright;85.0;158268.0
484;Winter's Bone;2010;Alix Madigan and Anne Rosellini;Nominee;2010;100;Drama,Mystery;Certified-Fresh;94.0;174.0;Upright;76.0;51756.0
485;The Artist;2011;Thomas Langmann;Winner;2011;100;Comedy,Drama,Romance;Certified-Fresh;95.0;317.0;Upright;87.0;58629.0
486;The Descendants;2011;Jim Burke, Alexander Payne, and Jim Taylor;Nominee;2011;115;Comedy,Drama;Certified-Fresh;88.0;265.0;Upright;79.0;69968.0
487;Extremely Loud & Incredibly Close;2011;Scott Rudin;Nominee;2011;129;Adventure,Drama,Mystery;;;;;;
488;The Help;2011;Brunson Green, Chris Columbus, and Michael Barnathan;Nominee;2011;146;Drama;Certified-Fresh;76.0;227.0;Upright;89.0;107868.0
489;Hugo;2011;Graham King and Martin Scorsese;Nominee;2011;126;Drama,Family,Fantasy;Certified-Fresh;93.0;227.0;Upright;78.0;82865.0
490;Midnight in Paris;2011;Letty Aronson and Stephen Tenenbaum;Nominee;2011;94;Comedy,Fantasy,Romance;Certified-Fresh;93.0;224.0;Upright;83.0;82553.0
491;Moneyball;2011;Michael De Luca, Rachael Horovitz, and Brad Pitt;Nominee;2011;133;Biography,Drama,Sport;Certified-Fresh;94.0;266.0;Upright;86.0;91772.0
492;The Tree of Life;2011;Sarah Green, Bill Pohlad, Dede Gardner, and Grant Hill;Nominee;2011;139;Drama,Fantasy;Certified-Fresh;85.0;286.0;Upright;60.0;60899.0
493;War Horse;2011;Steven Spielberg and Kathleen Kennedy;Nominee;2011;146;Action,Adventure,Drama;Certified-Fresh;75.0;237.0;Upright;74.0;69714.0
494;Argo;2012;Grant Heslov, Ben Affleck, and George Clooney;Winner;2012;120;Biography,Drama,Thriller;Certified-Fresh;96.0;356.0;Upright;90.0;208711.0
495;Amour;2012;Margaret Menegoz, Stefan Arndt, Veit Heiduschka, and Michael Katz;Nominee;2012;127;Drama;Certified-Fresh;93.0;223.0;Upright;82.0;20897.0
496;Beasts of the Southern Wild;2012;Dan Janvey, Josh Penn, and Michael Gottwald;Nominee;2012;93;Adventure,Drama,Fantasy;Certified-Fresh;87.0;204.0;Upright;76.0;39335.0
497;Django Unchained;2012;Stacey Sher, Reginald Hudlin, and Pilar Savone;Nominee;2012;165;Drama,Western;Certified-Fresh;87.0;288.0;Upright;91.0;429231.0
498;Life of Pi;2012;Gil Netter, Ang Lee, and David Womark;Nominee;2012;127;Adventure,Drama,Fantasy;;;;;;
499;Lincoln;2012;Steven Spielberg and Kathleen Kennedy;Nominee;2011;118;Crime,Drama,Mystery;;;;;;
500;Les MisÃ©rables;2012;Tim Bevan, Eric Fellner, Debra Hayward, and Cameron Mackintosh;Nominee;2012;158;Drama,History,Musical;Fresh;69.0;255.0;Upright;79.0;265259.0
501;Silver Linings Playbook;2012;Donna Gigliotti, Bruce Cohen, and Jonathan Gordon;Nominee;2012;122;Comedy,Drama,Romance;Certified-Fresh;92.0;256.0;Upright;86.0;260499.0
502;Zero Dark Thirty;2012;Mark Boal, Kathryn Bigelow, and Megan Ellison;Nominee;2012;157;Drama,History,Thriller;;;;;;
503;12 Years a Slave;2013;Brad Pitt, Dede Gardner, Jeremy Kleiner, Steve McQueen, and Anthony Katagas;Winner;2013;134;Biography,Drama,History;Certified-Fresh;95.0;365.0;Upright;90.0;140313.0
504;American Hustle;2013;Charles Roven, Richard Suckle, Megan Ellison, and Jonathan Gordon;Nominee;2013;138;Crime,Drama;Certified-Fresh;92.0;289.0;Upright;74.0;175937.0
505;Captain Phillips;2013;Scott Rudin, Dana Brunetti, and Michael De Luca;Nominee;2013;134;Adventure,Biography,Crime;Certified-Fresh;93.0;274.0;Upright;89.0;152496.0
506;Dallas Buyers Club;2013;Robbie Brenner and Rachel Winter;Nominee;2013;117;Biography,Drama;Certified-Fresh;93.0;257.0;Upright;91.0;92788.0
507;Gravity;2013;Alfonso CuarÃ³n and David Heyman;Nominee;2013;91;Drama,Sci-Fi,Thriller;Certified-Fresh;96.0;354.0;Upright;80.0;303162.0
508;Her;2013;Megan Ellison, Spike Jonze, and Vincent Landay;Nominee;2013;126;Drama,Romance,Sci-Fi;Certified-Fresh;95.0;278.0;Upright;82.0;101535.0
509;Nebraska;2013;Albert Berger and Ron Yerxa;Nominee;2013;115;Adventure,Comedy,Drama;Certified-Fresh;91.0;247.0;Upright;83.0;44798.0
510;Philomena;2013;Gabrielle Tana, Steve Coogan, and Tracey Seaward;Nominee;2013;98;Biography,Comedy,Drama;Certified-Fresh;90.0;198.0;Upright;89.0;52399.0
511;The Wolf of Wall Street;2013;Martin Scorsese, Leonardo DiCaprio, Joey McFarland, and Emma Tillinger Koskoff;Nominee;2013;180;Biography,Crime,Drama;Certified-Fresh;80.0;284.0;Upright;83.0;180827.0
512;Birdman or (The Unexpected Virtue of Ignorance);2014;Alejandro G. IÃ±Ã¡rritu, John Lesher, and James W. Skotchdopole;Winner;2014;119;Comedy,Drama;;;;;;
513;American Sniper;2014;Clint Eastwood, Andrew Lazar, Robert Lorenz, Bradley Cooper, and Peter Morgan;Nominee;2014;133;Action,Biography,Drama;;;;;;
514;Boyhood;2014;Richard Linklater and Cathleen Sutherland;Nominee;2014;165;Drama;Certified-Fresh;97.0;321.0;Upright;81.0;89725.0
515;The Grand Budapest Hotel;2014;Wes Anderson, Scott Rudin, Steven M. Rales, and Jeremy Dawson;Nominee;2014;99;Adventure,Comedy,Crime;Certified-Fresh;91.0;305.0;Upright;86.0;97547.0
516;The Imitation Game;2014;Nora Grossman, Ido Ostrowsky, and Teddy Schwarzman;Nominee;2014;114;Biography,Drama,Thriller;Certified-Fresh;89.0;281.0;Upright;91.0;103920.0
517;Selma;2014;Christian Colson, Oprah Winfrey, Dede Gardner, and Jeremy Kleiner;Nominee;2014;128;Biography,Drama,History;Certified-Fresh;99.0;308.0;Upright;86.0;61482.0
518;The Theory of Everything;2014;Tim Bevan, Eric Fellner, Lisa Bruce, and Anthony McCarten;Nominee;2014;123;Biography,Drama,Romance;Certified-Fresh;80.0;270.0;Upright;84.0;75918.0
519;Whiplash;2014;Jason Blum, Helen Estabrook, and David Lancaster;Nominee;2014;106;Drama,Music;Certified-Fresh;94.0;296.0;Upright;94.0;70212.0
520;Spotlight;2015;Blye Pagon Faust, Steve Golin, Nicole Rocklin, and Michael Sugar;Winner;2015;129;Biography,Crime,Drama;Certified-Fresh;97.0;367.0;Upright;93.0;70385.0
521;The Big Short;2015;Dede Gardner, Jeremy Kleiner, and Brad Pitt;Nominee;2015;130;Biography,Comedy,Drama;Certified-Fresh;88.0;322.0;Upright;88.0;69098.0
522;Bridge of Spies;2015;Steven Spielberg, Marc Platt, and Kristie Macosko Krieger;Nominee;2015;142;Drama,History,Thriller;Certified-Fresh;90.0;307.0;Upright;87.0;65466.0
523;Brooklyn;2015;Finola Dwyer and Amanda Posey;Nominee;2015;117;Drama,Romance;Certified-Fresh;97.0;269.0;Upright;87.0;46857.0
524;Mad Max: Fury Road;2015;Doug Mitchell and George Miller;Nominee;2015;120;Action,Adventure,Sci-Fi;Certified-Fresh;97.0;422.0;Upright;85.0;128344.0
525;The Martian;2015;Simon Kinberg, Ridley Scott, Michael Schaefer, and Mark Huffam;Nominee;2015;144;Adventure,Drama,Sci-Fi;Certified-Fresh;91.0;374.0;Upright;91.0;131656.0
526;The Revenant;2015;Arnon Milchan, Steve Golin, Alejandro G. IÃ±Ã¡rritu, Mary Parent, and Keith Redmon;Nominee;2015;156;Action,Adventure,Drama;Certified-Fresh;78.0;397.0;Upright;84.0;105270.0
527;Room;2015;Ed Guiney;Nominee;2015;118;Drama,Thriller;Certified-Fresh;93.0;312.0;Upright;93.0;49668.0
528;Moonlight;2016;Adele Romanski, Dede Gardner, and Jeremy Kleiner;Winner;2016;111;Drama;Certified-Fresh;98.0;384.0;Upright;79.0;45533.0
529;Arrival;2016;Shawn Levy, Dan Levine, Aaron Ryder, and David Linde;Nominee;2016;116;Drama,Sci-Fi;Certified-Fresh;94.0;426.0;Upright;82.0;83315.0
530;Fences;2016;Scott Rudin, Denzel Washington, and Todd Black;Nominee;2016;139;Drama;Certified-Fresh;92.0;265.0;Upright;75.0;36228.0
531;Hacksaw Ridge;2016;Bill Mechanic and David Permut;Nominee;2016;139;Biography,Drama,History;Certified-Fresh;84.0;277.0;Upright;91.0;55594.0
532;Hell or High Water;2016;Carla Hacken and Julie Yorn;Nominee;2016;102;Action,Crime,Drama;Certified-Fresh;97.0;280.0;Upright;88.0;40088.0
533;Hidden Figures;2016;Donna Gigliotti, Peter Chernin, Jenno Topping, Pharrell Williams, and Theodore Melfi;Nominee;2016;127;Biography,Drama,History;;;;;;
534;La La Land;2016;Fred Berger, Jordan Horowitz, and Marc Platt;Nominee;2016;128;Comedy,Drama,Music;Certified-Fresh;91.0;458.0;Upright;81.0;71314.0
535;Lion;2016;Emile Sherman, Iain Canning, and Angie Fielder;Nominee;2016;118;Biography,Drama;Certified-Fresh;84.0;264.0;Upright;91.0;39787.0
536;Manchester by the Sea;2016;Matt Damon, Kimberly Steward, Chris Moore, Lauren Beck, and Kevin J. Walsh;Nominee;2016;137;Drama;Certified-Fresh;96.0;347.0;Upright;78.0;50194.0
537;The Shape of Water;2017;Guillermo del Toro and J. Miles Dale;Winner;2017;123;Adventure,Drama,Fantasy;Certified-Fresh;92.0;448.0;Upright;72.0;25784.0
538;Call Me by Your Name;2017;Peter Spears, Luca Guadagnino, Emilie Georges, and Marco Morabito;Nominee;2017;132;Drama,Romance;;;;;;
539;Darkest Hour;2017;Tim Bevan, Eric Fellner, Lisa Bruce, Anthony McCarten, and Douglas Urbanski;Nominee;2017;125;Biography,Drama,History;Certified-Fresh;84.0;312.0;Upright;82.0;14004.0
540;Dunkirk;2017;Emma Thomas and Christopher Nolan;Nominee;2017;106;Action,Drama,History;Certified-Fresh;92.0;453.0;Upright;81.0;68676.0
541;Get Out;2017;Sean McKittrick, Jason Blum, Edward H. Hamm Jr., and Jordan Peele;Nominee;2017;104;Horror,Mystery,Thriller;Certified-Fresh;98.0;386.0;Upright;86.0;75461.0
542;Lady Bird;2017;Scott Rudin, Eli Bush, and Evelyn O'Neill;Nominee;2017;94;Comedy,Drama;Certified-Fresh;99.0;391.0;Upright;79.0;22610.0
543;Phantom Thread;2017;JoAnne Sellar, Paul Thomas Anderson, Megan Ellison, and Daniel Lupi;Nominee;2017;130;Drama,Romance;;;;;;
544;The Post;2017;Amy Pascal, Steven Spielberg, and Kristie Macosko Krieger;Nominee;2017;116;Drama;;;;;;
545;Three Billboards Outside Ebbing, Missouri;2017;Graham Broadbent, Pete Czernin, and Martin McDonagh;Nominee;2017;115;Comedy,Crime,Drama;Certified-Fresh;90.0;405.0;Upright;87.0;22869.0
546;Green Book;2018;Jim Burke, Charles B. Wessler, Brian Currie, Peter Farrelly, and Nick Vallelonga;Winner;2018;130;Biography,Comedy,Drama;Certified-Fresh;77.0;354.0;Upright;91.0;10093.0
547;Black Panther;2018;Kevin Feige;Nominee;2018;134;Action,Adventure,Sci-Fi;Certified-Fresh;96.0;512.0;Upright;79.0;88211.0
548;BlacKkKlansman;2018;Sean McKittrick, Jason Blum, Raymond Mansfield, Jordan Peele, and Spike Lee;Nominee;2018;135;Biography,Comedy,Crime;Certified-Fresh;96.0;436.0;Upright;83.0;11251.0
549;Bohemian Rhapsody;2018;Graham King;Nominee;2018;134;Biography,Drama,Music;Fresh;60.0;403.0;Upright;85.0;23296.0
550;The Favourite;2018;Ceci Dempsey, Ed Guiney, Lee Magiday, and Yorgos Lanthimos;Nominee;2018;119;Biography,Comedy,Drama;Certified-Fresh;93.0;405.0;Upright;69.0;7189.0
551;Roma;2018;Gabriela RodrÃ­guez and Alfonso CuarÃ³n;Nominee;2018;135;Drama;Certified-Fresh;96.0;387.0;Upright;72.0;5521.0
552;A Star Is Born;2018;Bill Gerber, Bradley Cooper, and Lynette Howell Taylor;Nominee;2018;136;Drama,Music,Romance;Certified-Fresh;90.0;517.0;Upright;79.0;20442.0
553;Vice;2018;Dede Gardner, Jeremy Kleiner, Adam McKay, and Kevin Messick;Nominee;2018;132;Biography,Comdey,Drama;Fresh;65.0;359.0;Upright;60.0;5061.0
554;Parasite;2019;Kwak Sin-ae and Bong Joon-ho;Winner;2019;132;Comedy,Drama,Thriller;;;;;;
555;1917;2019;Sam Mendes, Pippa Harris, Jayne-Ann Tenggren, and Callum McDougall;Nominee;2019;119;Action,Drama,War;;;;;;
556;Ford v Ferrari;2019;Peter Chernin, Jenno Topping, and James Mangold;Nominee;2019;152;Action,Biography,Drama;;;;;;
557;The Irishman;2019;Martin Scorsese, Robert De Niro, Jane Rosenthal, and Emma Tillinger Koskoff;Nominee;2019;209;Biography,Crime,Drama;Certified-Fresh;96.0;439.0;;86.0;1057.0
558;Jojo Rabbit;2019;Carthew Neal, Taika Waititi, and Chelsea Winstanley;Nominee;2019;108;Comedy,Drama,War;;;;;;
559;Joker;2019;Todd Phillips, Bradley Cooper, and Emma Tillinger Koskoff;Nominee;2019;122;Crime,Drama,Thriller;Fresh;68.0;574.0;;88.0;66303.0
560;Little Women;2019;Amy Pascal;Nominee;2019;135;Drama,Romance;;;;;;
561;Marriage Story;2019;Noah Baumbach and David Heyman;Nominee;2019;137;Comedy,Drama,Romance;Certified-Fresh;94.0;381.0;;85.0;184.0
562;Once Upon a Time in Hollywood;2019;David Heyman, Shannon McIntosh, and Quentin Tarantino;Nominee;2019;161;Comedy,Drama;;;;;;
563;Nomadland;2020;Frances McDormand, Peter Spears, Mollye Asher, Dan Janvey, and ChloÃ© Zhao;Nominee;2020;107;Drama;;;;;;
564;The Father;2020;David Parfitt, Jean-Louis Livi, and Philippe Carcassonne;Nominee;2020;97;Drama;;;;;;
565;Judas and the Black Messiah;2020;Shaka King, Charles D. King, and Ryan Coogler;Nominee;2021;126;Biography,Drama,History;;;;;;
566;Mank;2020;CeÃ¡n Chaffin, Eric Roth, and Douglas Urbanski;Nominee;2020;131;Biography,Comedy,Drama;;;;;;
567;Minari;2020;Christina Oh;Nominee;2020;115;Drama;;;;;;
568;Promising Young Woman;2020;Ben Browning, Ashley Fox, Emerald Fennell, and Josey McNamara;Nominee;2020;113;Crime,Drama,Thriller;;;;;;
569;Sound of Metal;2020;Bert Hamelinck and Sacha Ben Harroche;Nominee;2019;120;Drama,Music;;;;;;
570;The Trial of the Chicago 7;2020;Marc Platt and Stuart M. Besser;Nominee;2020;129;Drama,History,Thriller;;;;;;
